"title","rental_count","total_amount","avg_amount_per_rental","standard_deviation"
"Ridgemont Submarine","843","3542.57","4.2023368920521945","2.3828842620989747"
"Apache Divine","827","3506.73","4.2403022974607013","2.3030633942846621"
"Forward Temple","817","3442.83","4.2139902080783354","2.3556175015544207"
"Bucket Brotherhood","808","3434.92","4.2511386138613861","2.4080462889979786"
"Pulp Beverly","800","3420.00","4.2750000000000000","2.3965192218039050"
"Harry Idaho","803","3410.97","4.2477833125778331","2.4077801611876786"
"Rugrats Shakespeare","783","3398.17","4.3399361430395913","2.4195805835972181"
"Massacre Usual","757","3390.43","4.4787714663143989","2.3427007990100030"
"Network Peak","795","3388.05","4.2616981132075472","2.2849064511733438"
"Rocketeer Mother","801","3379.99","4.2197128589263421","2.3381971778374341"
"Grit Clockwork","810","3359.90","4.1480246913580247","2.2112234892787103"
"Robbers Joon","814","3324.86","4.0845945945945946","2.3284211735417542"
"Scalawag Duck","784","3314.16","4.2272448979591837","2.3688680736093150"
"Suspects Quills","793","3311.07","4.1753720050441362","2.2822965228593100"
"Gleaming Jawbreaker","779","3308.21","4.2467394094993582","2.4189729698614810"
"Zorro Ark","789","3306.11","4.1902534854245881","2.3769409245948566"
"Wife Turn","763","3259.37","4.2717824377457405","2.3677119912141883"
"English Bulworth","783","3253.17","4.1547509578544061","2.3981630668467272"
"Witches Panic","783","3244.17","4.1432567049808429","2.3321750370261122"
"Graffiti Love","772","3220.28","4.1713471502590674","2.3916446102184997"
"Muscle Bright","770","3210.30","4.1692207792207792","2.3566711144812594"
"Forrester Comancheros","743","3208.57","4.3183983849259758","2.4195605608008312"
"Saturday Lambs","738","3198.62","4.3341734417344173","2.4329099187447400"
"Married Go","744","3196.56","4.2964516129032258","2.3225644944251936"
"Rush Goodfellas","772","3194.28","4.1376683937823834","2.3331719426607218"
"Juggler Hardly","777","3191.23","4.1071171171171171","2.3243285091575158"
"Hobbit Alien","748","3190.52","4.2654010695187166","2.3760483150152213"
"Goodfellas Salute","758","3178.42","4.1931662269129288","2.3595424743615573"
"Lose Inch","741","3167.59","4.2747503373819163","2.4107747657896474"
"Butterfly Chocolat","768","3157.32","4.1110937500000000","2.2576247978430170"
"Chance Resurrection","737","3156.63","4.2830800542740841","2.4429843285874574"
"Range Moonwalker","720","3140.80","4.3622222222222222","2.4567822857358537"
"Deer Virginian","740","3128.60","4.2278378378378378","2.3189578583426948"
"Videotape Arsenic","742","3123.58","4.2096765498652291","2.4041779094328865"
"Sweethearts Suspects","741","3122.59","4.2140215924426451","2.4129081969898283"
"Cat Coneheads","733","3117.67","4.2533015006821282","2.3649832802376755"
"Family Sweet","750","3114.50","4.1526666666666667","2.3640822748426479"
"Confidential Interview","733","3113.67","4.2478444747612551","2.3752791018834881"
"Bingo Talented","735","3111.65","4.2335374149659864","2.3207649315403365"
"Dogma Family","730","3107.70","4.2571232876712329","2.3873555110090497"
"Frost Head","736","3101.64","4.2141847826086957","2.3448918896128661"
"Idols Snatchers","720","3076.80","4.2733333333333333","2.4186917002853438"
"Timberland Sky","726","3063.74","4.2200275482093664","2.4018916107070437"
"Virginian Pluto","783","3060.17","3.9082630906768838","2.2505040747666578"
"Movie Shakespeare","707","3036.93","4.2955162659123055","2.3675717250631742"
"Telegraph Voyage","667","3022.33","4.5312293853073463","2.5289958695031584"
"Greatest North","710","3013.90","4.2449295774647887","2.4002403342520690"
"Shock Cabin","735","3013.65","4.1002040816326531","2.3309531529710578"
"Expendable Stallion","708","3007.92","4.2484745762711864","2.3956642095691183"
"Storm Happiness","737","3007.63","4.0809090909090909","2.4855312536051968"
"Enemy Odds","697","2997.03","4.2998995695839311","2.3704908474228142"
"Boogie Amelie","711","2991.89","4.2080028129395218","2.3803568095638827"
"Story Side","729","2984.71","4.0942524005486968","2.3979149074225761"
"Titans Jerk","692","2977.08","4.3021387283236994","2.3971093405532028"
"Fatal Haunted","707","2974.93","4.2078217821782178","2.3617035568785984"
"Giant Troopers","705","2972.95","4.2169503546099291","2.3127512588507925"
"Talented Homicide","688","2971.12","4.3184883720930233","2.4712501264820445"
"Trip Newton","708","2970.92","4.1962146892655367","2.3665553525596560"
"Moon Bunch","731","2970.69","4.0638714090287278","2.3442880579208272"
"Closer Bang","686","2969.14","4.3281924198250729","2.3938301955770225"
"Invasion Cyclone","697","2963.03","4.2511190817790531","2.3471297974518819"
"Coma Head","671","2954.29","4.4028166915052161","2.4781582522236673"
"Horror Reign","672","2933.28","4.3650000000000000","2.4777099902585701"
"Double Wrath","681","2922.19","4.2910279001468429","2.3890957188091485"
"Detective Vision","721","2908.79","4.0343828016643551","2.3089019005996542"
"Innocent Usual","664","2902.36","4.3710240963855422","2.4329937066281933"
"Metal Armageddon","677","2901.23","4.2854209748892171","2.3117005590873674"
"Half Outfield","693","2901.07","4.1862481962481962","2.4450819593667174"
"Gangs Pride","683","2897.17","4.2418301610541728","2.3104649124959463"
"Spy Mile","706","2895.94","4.1018980169971671","2.2772884388140967"
"Stagecoach Armageddon","659","2890.41","4.3860546282245827","2.3953824443629000"
"Gilmore Boiled","691","2885.09","4.1752387843704776","2.4607909166877654"
"Contact Anonymous","691","2881.09","4.1694500723589001","2.2922644304007401"
"Roses Treasure","672","2880.28","4.2861309523809524","2.4127054835468615"
"Durham Panky","660","2876.40","4.3581818181818182","2.3999025707910638"
"Goldmine Tycoon","690","2864.10","4.1508695652173913","2.4319903148502072"
"Dorado Notting","683","2863.17","4.1920497803806735","2.3888785974866974"
"Island Exorcist","678","2844.22","4.1950147492625369","2.2567881354068240"
"Primary Glass","700","2835.00","4.0500000000000000","2.3853991367248878"
"Curtain Videotape","671","2832.29","4.2209985096870343","2.4406127903735752"
"Operation Operation","672","2818.28","4.1938690476190476","2.3049839541796423"
"Sun Confessions","670","2816.30","4.2034328358208955","2.4433797271398331"
"Handicap Boondock","685","2815.15","4.1097080291970803","2.3743463679215672"
"Voyage Legally","695","2814.05","4.0489928057553957","2.4689721504657070"
"Velvet Terminator","625","2809.75","4.4956000000000000","2.3514283711428219"
"Tomorrow Hustler","639","2803.61","4.3874960876369327","2.3451665071592004"
"Dancing Fever","680","2802.20","4.1208823529411765","2.3055391040953664"
"Swarm Gold","678","2796.22","4.1242182890855457","2.4107546259641208"
"Clash Freddy","648","2780.52","4.2909259259259259","2.3052656089342166"
"Hyde Doctor","660","2775.40","4.2051515151515152","2.3227086004409147"
"Tights Dawn","676","2774.24","4.1039053254437870","2.3368574941704268"
"Strictly Scarface","624","2765.76","4.4323076923076923","2.3511082311974276"
"Princess Giant","672","2764.28","4.1135119047619048","2.4447483517908030"
"Color Philadelphia","644","2760.56","4.2865838509316770","2.3929890093495800"
"Westward Seabiscuit","688","2757.12","4.0074418604651163","2.3732593552965914"
"Samurai Lion","654","2751.46","4.2071253822629969","2.3593703561255368"
"Name Detective","636","2750.64","4.3249056603773585","2.4312743472746841"
"Fool Mockingbird","617","2748.83","4.4551539708265802","2.4366589492624389"
"Blackout Private","625","2741.75","4.3868000000000000","2.3271783977322828"
"Wardrobe Phantom","670","2730.30","4.0750746268656716","2.2996688350228325"
"Streetcar Intentions","609","2726.91","4.4776847290640394","2.3034720059118809"
"Lies Treatment","656","2725.44","4.1546341463414634","2.3195484267664450"
"Telemark Heartbreakers","634","2721.66","4.2928391167192429","2.3195899327053959"
"Gun Bonnie","641","2721.59","4.2458502340093604","2.4531998114778791"
"Tracy Cider","649","2709.51","4.1748998459167951","2.3920560460196912"
"Working Microcosmos","645","2708.55","4.1993023255813953","2.3201601552554418"
"Oscar Gold","652","2705.48","4.1495092024539877","2.2850517521272519"
"Show Lord","643","2704.57","4.2061741835147745","2.4312323928012294"
"Seabiscuit Punk","652","2700.48","4.1418404907975460","2.3554258020096331"
"Drifter Commandments","618","2687.82","4.3492233009708738","2.3926726432867251"
"Ice Crossing","619","2677.81","4.3260258481421648","2.3338187741399724"
"Trading Pinocchio","629","2675.71","4.2539109697933227","2.3829913422595414"
"None Spiking","653","2674.47","4.0956661562021440","2.2720322229492503"
"Camelot Vacation","677","2674.23","3.9501181683899557","2.3101920405286838"
"Metropolis Coma","642","2670.58","4.1597819314641745","2.4104472204563899"
"Effect Gladiator","625","2668.75","4.2700000000000000","2.3649415886970058"
"Pity Bound","627","2666.73","4.2531578947368421","2.3932610218026587"
"Hustler Party","597","2665.03","4.4640368509212730","2.5093007432582172"
"Loathing Legally","661","2662.39","4.0278214826021180","2.3823767935121160"
"Pelican Comforts","647","2661.53","4.1136476043276662","2.4304913541039974"
"Maiden Home","621","2659.79","4.2830756843800322","2.4025054883770798"
"Hills Neighbors","622","2658.78","4.2745659163987138","2.3783212501842520"
"Coneheads Smoochy","617","2656.83","4.3060453808752026","2.3977028883484242"
"Hanky October","624","2656.76","4.2576282051282051","2.3579606941640175"
"Clueless Bucket","652","2654.48","4.0712883435582822","2.2414513202800018"
"Fellowship Autumn","612","2648.88","4.3282352941176471","2.3313509405596838"
"Heavyweights Beast","607","2640.93","4.3507907742998353","2.4829407470139260"
"Pocus Pulp","645","2639.55","4.0923255813953488","2.3692933111907592"
"Lola Agent","602","2622.98","4.3571096345514950","2.3999823802612091"
"Barbarella Streetcar","623","2618.77","4.2034831460674157","2.3505512596822782"
"Fantasy Troopers","668","2616.32","3.9166467065868263","2.4252686797238996"
"Alaska Phantom","633","2615.67","4.1321800947867299","2.4356281489941719"
"Jason Trap","618","2607.82","4.2197734627831715","2.3325103401025331"
"Wedding Apollo","646","2607.54","4.0364396284829721","2.2206245406671509"
"Philadelphia Wife","567","2596.33","4.5790652557319224","2.3826123696931340"
"Feud Frogmen","634","2595.66","4.0941009463722397","2.4715665662756260"
"Sea Virgin","606","2580.94","4.2589768976897690","2.3994340812385746"
"Shepherd Midsummer","615","2580.85","4.1965040650406504","2.4209233788145672"
"Escape Metropolis","618","2576.82","4.1696116504854369","2.3248998538220195"
"Nightmare Chill","599","2571.01","4.2921702838063439","2.3177038496828137"
"Fargo Gandhi","617","2563.83","4.1553160453808752","2.3791499502957202"
"Bound Cheaper","601","2561.99","4.2628785357737105","2.4654438816479246"
"Center Dinosaur","591","2561.09","4.3334856175972927","2.3789873289350395"
"Horn Working","628","2560.72","4.0775796178343949","2.4141340590807895"
"Maltese Hope","584","2551.16","4.3684246575342466","2.4238694914615270"
"Wash Heavenly","589","2549.11","4.3278607809847199","2.4332191187611590"
"Oz Liaisons","605","2547.95","4.2114876033057851","2.2823106324748296"
"Torque Bound","631","2544.69","4.0327892234548336","2.3386487385174790"
"Roman Punk","622","2539.78","4.0832475884244373","2.3803110257911741"
"Hurricane Affair","623","2539.77","4.0766773675762440","2.3273019659590902"
"Strangelove Desire","599","2537.01","4.2354090150250417","2.3121046438832347"
"Malkovich Pet","644","2534.56","3.9356521739130435","2.2943768661376752"
"Downhill Enough","580","2534.20","4.3693103448275862","2.4964747940796113"
"Mallrats United","630","2532.70","4.0201587301587302","2.2850823281940579"
"Amistad Midsummer","582","2532.18","4.3508247422680412","2.3998375605253538"
"Sleeping Suspects","574","2531.26","4.4098606271777003","2.3016853938893528"
"Flamingos Connecticut","584","2529.16","4.3307534246575342","2.3651232542315734"
"Titanic Boondock","584","2525.16","4.3239041095890411","2.3862129360218402"
"Dynamite Tarzan","589","2524.11","4.2854159592529711","2.2970099697592609"
"Attraction Newton","593","2518.07","4.2463237774030354","2.3390338535310013"
"Madness Attacks","607","2509.93","4.1349752883031301","2.3111164042604582"
"Disturbing Scarface","625","2508.75","4.0140000000000000","2.2584031117992676"
"Alamo Videotape","607","2505.93","4.1283855024711697","2.3736645082397941"
"Star Operation","572","2503.28","4.3763636363636364","2.2995826303574623"
"Fish Opus","598","2503.02","4.1856521739130435","2.3288982361606638"
"Alien Center","583","2502.17","4.2918867924528302","2.3871607905800968"
"Others Soup","601","2501.99","4.1630449251247920","2.3107875741786326"
"Celebrity Horn","585","2494.15","4.2635042735042735","2.4600087412972953"
"Arizona Bang","576","2492.24","4.3268055555555556","2.5079144019170581"
"Brotherhood Blanket","624","2489.76","3.9900000000000000","2.2818426982415898"
"Murder Antitrust","580","2480.20","4.2762068965517241","2.3229759719907373"
"Slums Duck","601","2478.99","4.1247753743760399","2.4351466056740611"
"Head Stranger","590","2477.10","4.1984745762711864","2.3775112278539405"
"Crooked Frogmen","587","2476.13","4.2182793867120954","2.3394563274739678"
"Prejudice Oleander","568","2474.32","4.3561971830985915","2.4501488224300872"
"Gunfight Moon","579","2473.21","4.2715198618307427","2.2763688465338558"
"Knock Warlock","572","2471.28","4.3204195804195804","2.4373736616594381"
"Caper Motions","594","2471.06","4.1600336700336700","2.4370062216433016"
"Affair Prejudice","587","2467.13","4.2029471890971039","2.3536124298410932"
"Kwai Homeward","590","2459.10","4.1679661016949153","2.3141381947903401"
"Salute Apollo","577","2448.23","4.2430329289428076","2.4326974741323495"
"Alter Victory","600","2439.00","4.0650000000000000","2.4150008381808118"
"Sinners Atlantis","569","2434.31","4.2782249560632689","2.4148934552087181"
"Liaisons Sweet","545","2433.55","4.4652293577981651","2.5029084538888553"
"Pacific Amistad","587","2428.13","4.1365076660988075","2.2878967571083413"
"Jumping Wrath","600","2428.00","4.0466666666666667","2.2169454889683954"
"Women Dorado","607","2425.93","3.9965897858319605","2.3720505538028671"
"Eagles Panky","566","2422.34","4.2797526501766784","2.4604197661040366"
"Snowman Rollercoaster","592","2422.08","4.0913513513513514","2.3765346520691594"
"Atlantis Cause","578","2416.22","4.1803114186851211","2.2591795967807950"
"Easy Gladiator","587","2415.13","4.1143611584327087","2.3686525869221781"
"Sting Personal","552","2408.48","4.3631884057971014","2.4319872257960574"
"Angels Life","578","2408.22","4.1664705882352941","2.4493201405246918"
"Shakespeare Saddle","580","2404.20","4.1451724137931034","2.3552956107654262"
"Cupboard Sinners","558","2403.42","4.3072043010752688","2.2599054009807195"
"Scorpion Apollo","567","2402.33","4.2369135802469136","2.4135924351572837"
"Million Ace","564","2401.36","4.2577304964539007","2.3452354084066941"
"Patton Interview","566","2401.34","4.2426501766784452","2.2790897207620315"
"Beverly Outlaw","566","2400.34","4.2408833922261484","2.4372822374445336"
"Midsummer Groundhog","570","2399.30","4.2092982456140351","2.3705234082360712"
"Chill Luck","557","2397.43","4.3041831238779174","2.4509057763771158"
"Sunrise League","569","2393.31","4.2061687170474517","2.4674542277113551"
"Carrie Bunch","595","2392.05","4.0202521008403361","2.2871974463435364"
"Wait Cider","561","2390.39","4.2609447415329768","2.3202126593140227"
"Wind Phantom","576","2390.24","4.1497222222222222","2.3895808457462760"
"Shootist Superfly","586","2389.14","4.0770307167235495","2.3946241906486048"
"Trouble Date","569","2387.31","4.1956239015817223","2.3438798052373632"
"American Circus","555","2385.45","4.2981081081081081","2.4838663938826846"
"Beauty Grease","560","2385.40","4.2596428571428571","2.3420417252650941"
"Outbreak Divine","560","2382.40","4.2542857142857143","2.5427741510676076"
"Arachnophobia Rollercoaster","559","2379.41","4.2565474060822898","2.4041796179348661"
"Homicide Peach","578","2377.22","4.1128373702422145","2.3484198554616509"
"Falcon Volume","563","2375.37","4.2191296625222025","2.3511953776320428"
"House Dynamite","571","2375.29","4.1598774080560420","2.4208603267819799"
"South Wait","552","2372.48","4.2979710144927536","2.4330024200415062"
"Candles Grapes","543","2371.57","4.3675322283609576","2.3626888698927618"
"Kiss Glory","548","2371.52","4.3275912408759124","2.3034771508194452"
"Bear Graceland","572","2366.28","4.1368531468531469","2.3664261909259737"
"Steel Santa","564","2365.36","4.1939007092198582","2.3935791175350835"
"Goldfinger Sensibility","586","2365.14","4.0360750853242321","2.3633946947645977"
"Suit Walls","542","2362.58","4.3590036900369004","2.4252367919883030"
"Banger Pinocchio","564","2357.36","4.1797163120567376","2.4381151743128941"
"Brooklyn Desert","533","2356.67","4.4215196998123827","2.4265724570222207"
"Snatch Slipper","554","2349.46","4.2409025270758123","2.2445452258244161"
"Balloon Homeward","570","2349.30","4.1215789473684211","2.4397887268249167"
"Earth Vision","571","2347.29","4.1108406304728546","2.4143801632722235"
"Quest Mussolini","545","2345.55","4.3037614678899083","2.3542620881631992"
"Aladdin Calendar","539","2344.61","4.3499257884972171","2.3448806839563735"
"Whisperer Giant","554","2340.46","4.2246570397111913","2.4640249144623927"
"Fight Jawbreaker","580","2339.20","4.0331034482758621","2.4281746535565800"
"Karate Moon","556","2332.44","4.1950359712230216","2.3041310723792906"
"Sabrina Midnight","532","2331.68","4.3828571428571429","2.3048678762182240"
"Orange Grapes","593","2329.07","3.9276053962900506","2.3039668346367241"
"Truman Crazy","542","2328.58","4.2962730627306273","2.3363868781384938"
"Yentl Idaho","535","2326.65","4.3488785046728972","2.3706599719149323"
"Gentlemen Stage","580","2324.20","4.0072413793103448","2.3515210181503652"
"Agent Truman","552","2323.48","4.2092028985507246","2.3744237811931882"
"Badman Dawn","553","2315.47","4.1871066907775769","2.2703491123299355"
"Fidelity Devil","523","2314.77","4.4259464627151052","2.4426151923647695"
"Anaconda Confessions","550","2312.50","4.2045454545454545","2.3864232850397747"
"Secret Groundhog","548","2310.52","4.2162773722627737","2.2640750523083861"
"High Encino","571","2309.29","4.0442907180385289","2.3513031055740379"
"Mourning Purple","552","2303.48","4.1729710144927536","2.3721462662353293"
"Flatliners Killer","546","2302.54","4.2171062271062271","2.3663694283150094"
"Minds Truman","532","2300.68","4.3245864661654135","2.3912756561500732"
"Sleepy Japanese","541","2291.59","4.2358410351201479","2.3569848686361284"
"Undefeated Dalmations","523","2290.77","4.3800573613766730","2.4456970181830263"
"Freddy Storm","539","2290.61","4.2497402597402597","2.3706525710670882"
"Mockingbird Hollywood","552","2290.48","4.1494202898550725","2.4059709505832296"
"Remember Diary","507","2285.93","4.5087376725838264","2.4585785893601581"
"Lebowski Soldiers","533","2285.67","4.2883114446529081","2.3426290097358548"
"Wonderland Christmas","557","2277.43","4.0887432675044883","2.3868077625734066"
"Blade Polish","547","2276.53","4.1618464351005484","2.3827088637700125"
"Dinosaur Secretary","543","2274.57","4.1888950276243094","2.4833465015768639"
"Congeniality Quest","551","2274.49","4.1279310344827586","2.3477328488949854"
"Volcano Texas","557","2274.43","4.0833572710951526","2.3225301811325674"
"Sleuth Orient","538","2270.62","4.2204832713754647","2.3899620445119056"
"Dream Pickup","526","2268.74","4.3131939163498099","2.3883915425281638"
"Outfield Massacre","508","2267.92","4.4644094488188976","2.3594986274311328"
"Bringing Hysterical","515","2264.85","4.3977669902912621","2.4344994979508674"
"Blues Instinct","520","2259.80","4.3457692307692308","2.4648054057986257"
"Deceiver Betrayed","558","2259.42","4.0491397849462366","2.4709329193838402"
"Pond Seattle","524","2258.76","4.3106106870229008","2.3095521175978830"
"Chainsaw Uptown","561","2258.39","4.0256506238859180","2.3600723307326385"
"Seattle Expecations","565","2258.35","3.9970796460176991","2.3230925529566641"
"Excitement Eve","543","2256.57","4.1557458563535912","2.3911441289171464"
"Crossroads Casualties","529","2251.71","4.2565406427221172","2.3849663175692309"
"Queen Luke","531","2249.69","4.2367043314500942","2.3515076386606352"
"Hanging Deep","506","2248.94","4.4445454545454545","2.2740266312670947"
"Garden Island","502","2247.98","4.4780478087649402","2.4928753916448856"
"Chicken Hellfighters","558","2245.42","4.0240501792114695","2.3021625328848177"
"Academy Dinosaur","530","2243.70","4.2333962264150943","2.2980232677490818"
"Hellfighters Sierra","534","2242.66","4.1997378277153558","2.4203288363313901"
"Interview Liaisons","528","2240.72","4.2437878787878788","2.3699544124241181"
"Tourist Pelican","541","2235.59","4.1323290203327172","2.3944228661444745"
"Calendar Gunfight","505","2233.95","4.4236633663366337","2.5047683584136226"
"Reign Gentlemen","520","2233.80","4.2957692307692308","2.4139059610995956"
"Unbreakable Karate","528","2230.72","4.2248484848484848","2.3734134570487644"
"Hunchback Impossible","519","2228.81","4.2944315992292871","2.4549610190119693"
"Haunting Pianist","543","2227.57","4.1023388581952118","2.4199918154424176"
"Amadeus Holy","544","2225.56","4.0911029411764706","2.3502828238709617"
"Basic Easy","509","2223.91","4.3691748526522593","2.4121653835250605"
"Berets Agent","530","2222.70","4.1937735849056604","2.3900679225781887"
"Novocaine Flight","518","2219.82","4.2853667953667954","2.4791779227688458"
"Jedi Beneath","524","2219.76","4.2361832061068702","2.3470752176421631"
"Details Packer","499","2217.01","4.4429058116232465","2.4493435259224471"
"Fireball Philadelphia","542","2216.58","4.0896309963099631","2.3699209242208133"
"Christmas Moonshine","541","2215.59","4.0953604436229205","2.3761914963334100"
"National Story","532","2213.68","4.1610526315789474","2.3334440694168437"
"Highball Potter","535","2213.65","4.1376635514018692","2.4321717686172013"
"Chasing Fight","515","2210.85","4.2929126213592233","2.3804431097938268"
"Grapes Fury","544","2210.56","4.0635294117647059","2.3665015726646647"
"River Outlaw","525","2207.75","4.2052380952380952","2.3543521885125039"
"Open African","512","2206.88","4.3103125000000000","2.3060326526118266"
"Money Harold","521","2202.79","4.2280038387715931","2.3470470497694309"
"Moonshine Cabin","499","2198.01","4.4048296593186373","2.4252066779483238"
"Northwest Polish","528","2194.72","4.1566666666666667","2.3350043713652337"
"Peak Forever","521","2188.79","4.2011324376199616","2.4045533056545531"
"Pinocchio Simon","501","2187.99","4.3672455089820359","2.3780751875423936"
"Coast Rainbow","535","2183.65","4.0815887850467290","2.3352664876654474"
"Divide Monster","524","2182.76","4.1655725190839695","2.2686353948927916"
"Encounters Curtain","530","2182.70","4.1183018867924528","2.3474218137037088"
"Chariots Conspiracy","526","2176.74","4.1382889733840304","2.2696479525944717"
"Driving Polish","504","2174.96","4.3153968253968254","2.3384736660371750"
"Harper Dying","506","2171.94","4.2923715415019763","2.3800895041620123"
"Redemption Comforts","500","2166.00","4.3320000000000000","2.4708797002254019"
"Kissing Dolls","516","2163.84","4.1934883720930233","2.4101218278558550"
"Annie Identity","516","2162.84","4.1915503875968992","2.5546146935316129"
"Wolves Desire","540","2157.60","3.9955555555555556","2.2990614094135878"
"Borrowers Bedazzled","515","2149.85","4.1744660194174757","2.4018944890417206"
"Something Duck","499","2146.01","4.3006212424849699","2.4284020178443977"
"Inch Jet","506","2138.94","4.2271541501976285","2.4420173051731063"
"Mine Titans","486","2136.14","4.3953497942386831","2.4792525023029049"
"Sleepless Monsoon","496","2135.04","4.3045161290322581","2.3795999510447247"
"Dawn Pond","473","2131.27","4.5058562367864693","2.2455470428519710"
"Packer Madigan","522","2127.78","4.0762068965517241","2.2970568207438533"
"Empire Malkovich","553","2127.47","3.8471428571428571","2.3217444425967253"
"Requiem Tycoon","493","2125.07","4.3104868154158215","2.4082189397386728"
"Wrong Behavior","519","2122.81","4.0901926782273603","2.2595273110469671"
"Gables Metropolis","517","2115.83","4.0925145067698259","2.3835380723877066"
"Dalmations Sweden","534","2110.66","3.9525468164794007","2.2694360187103458"
"Chocolat Harry","502","2109.98","4.2031474103585657","2.3505524161059553"
"Armageddon Lost","519","2104.81","4.0555105973025048","2.3871327527658856"
"Dracula Crystal","520","2103.80","4.0457692307692308","2.4111585860307433"
"Shawshank Bubble","511","2102.89","4.1152446183953033","2.4898008206117655"
"Pianist Outfield","524","2101.76","4.0109923664122137","2.3501553115633319"
"Splendor Patton","529","2100.71","3.9710964083175803","2.3570701044793422"
"Bill Others","503","2098.97","4.1729025844930417","2.4072488314892697"
"Eyes Driving","480","2097.20","4.3691666666666667","2.3595547626196291"
"Road Roxanne","481","2097.19","4.3600623700623701","2.4384630140934824"
"Doom Dancing","499","2097.01","4.2024248496993988","2.3411299600455801"
"Birds Perdition","475","2095.25","4.4110526315789474","2.3819425615288008"
"Jet Neighbors","500","2094.00","4.1880000000000000","2.2997771086561841"
"Spice Sorority","492","2091.08","4.2501626016260163","2.2995348803554213"
"Igby Maker","498","2090.02","4.1968273092369478","2.3666431018908521"
"Pirates Roxanne","508","2088.92","4.1120472440944882","2.4188417488640336"
"Heartbreakers Bright","495","2087.05","4.2162626262626263","2.3180068683718346"
"Roxanne Rebel","505","2083.95","4.1266336633663366","2.3667726658135773"
"Conversation Downhill","476","2082.24","4.3744537815126050","2.3798123579206798"
"Racer Egg","495","2080.05","4.2021212121212121","2.4038799073081129"
"Reunion Witches","498","2080.02","4.1767469879518072","2.3700141057406009"
"Resurrection Silverado","524","2079.76","3.9690076335877863","2.3565253304025412"
"Galaxy Sweethearts","472","2079.28","4.4052542372881356","2.4694527658627160"
"Grease Youth","512","2078.88","4.0603125000000000","2.3431077887261271"
"Doors President","487","2074.13","4.2589938398357290","2.4249058388156989"
"Cause Date","510","2073.90","4.0664705882352941","2.3941883822996781"
"Confused Candles","465","2065.35","4.4416129032258065","2.2539052747984291"
"Virgin Daisy","478","2060.22","4.3100836820083682","2.3498015423818508"
"Egg Igby","512","2057.88","4.0192968750000000","2.3307866132587059"
"Go Purple","505","2056.95","4.0731683168316832","2.4161933570550029"
"Groundhog Uncut","468","2055.32","4.3917094017094017","2.3515445889703434"
"Honey Ties","470","2048.30","4.3580851063829787","2.3240842828812146"
"Trap Guys","451","2047.49","4.5398891352549889","2.4745584092954905"
"Stepmom Dream","486","2047.14","4.2122222222222222","2.2328383305356612"
"Insects Stone","501","2046.99","4.0858083832335329","2.3727460873868449"
"Darn Forrester","473","2046.27","4.3261522198731501","2.3501500119088004"
"Insider Arizona","515","2043.85","3.9686407766990291","2.3031046752213919"
"Hours Rage","491","2040.09","4.1549694501018330","2.4072669211529169"
"Boulevard Mob","471","2039.29","4.3297027600849257","2.4665971729465901"
"Ghost Groundhog","503","2034.97","4.0456660039761431","2.2389353224834966"
"Mission Zoolander","458","2031.42","4.4354148471615721","2.4704535729237333"
"Scarface Bang","470","2030.30","4.3197872340425532","2.3689007548208151"
"Room Roman","493","2030.07","4.1177890466531440","2.3628860032492734"
"Cider Desire","486","2029.14","4.1751851851851852","2.2899751645586754"
"Majestic Floats","488","2029.12","4.1580327868852459","2.3815432986873033"
"Strangers Graffiti","450","2028.50","4.5077777777777778","2.3005556498259400"
"Satisfaction Confidential","457","2026.43","4.4342013129102845","2.3725528174658071"
"Kick Savannah","510","2025.90","3.9723529411764706","2.3262918444429505"
"Dying Maker","483","2020.17","4.1825465838509317","2.3388181785702165"
"Bride Intrigue","481","2018.19","4.1958212058212058","2.4708568438835227"
"Fury Murder","495","2011.05","4.0627272727272727","2.3897986711493423"
"Vacation Boondock","475","2009.25","4.2300000000000000","2.3051217967583178"
"Lion Uncut","499","2006.01","4.0200601202404810","2.3415871364660849"
"Secrets Paradise","463","2003.37","4.3269330453563715","2.3500200077090649"
"Rage Games","463","2001.37","4.3226133909287257","2.3752593559901124"
"Tramp Others","479","2001.21","4.1778914405010438","2.4259276663955761"
"Smoking Barbarella","492","1996.08","4.0570731707317073","2.4671804142106162"
"Disciple Mother","484","1989.16","4.1098347107438017","2.4253020928894685"
"Dragonfly Strangers","455","1986.45","4.3658241758241758","2.2568421009404352"
"Carol Texas","466","1982.34","4.2539484978540773","2.3454623932610900"
"Fantasia Park","468","1981.32","4.2335897435897436","2.3659933557346822"
"Masked Bubble","485","1975.15","4.0724742268041237","2.4674329313097967"
"Enough Raging","473","1974.27","4.1739323467230444","2.3708138334127951"
"Weekend Personal","481","1971.19","4.0981081081081081","2.3638857392624307"
"Airport Pollock","466","1969.34","4.2260515021459227","2.3481653944989629"
"Holocaust Highball","466","1969.34","4.2260515021459227","2.3762602473073572"
"Desert Poseidon","448","1968.52","4.3940178571428571","2.4097828988037927"
"Gorgeous Bingo","473","1968.27","4.1612473572938689","2.3001146637129010"
"Thief Pelican","459","1967.41","4.2862962962962963","2.4043736093838529"
"Secretary Rouge","459","1964.41","4.2797603485838780","2.3855743102245572"
"Jerk Paycheck","469","1960.31","4.1797654584221748","2.3378852460087053"
"Music Boondock","475","1955.25","4.1163157894736842","2.3655496201838283"
"Patient Sister","480","1953.20","4.0691666666666667","2.3657048924443225"
"Backlash Undefeated","433","1947.67","4.4980831408775982","2.6589391982025953"
"Candidate Perdition","458","1945.42","4.2476419213973799","2.4678762622300527"
"Alone Trip","466","1941.34","4.1659656652360515","2.2923767144536097"
"Trojan Tomorrow","473","1939.27","4.0999365750528541","2.4512723685429803"
"Pure Runner","449","1936.51","4.3129398663697105","2.3010933539532936"
"Cleopatra Devil","483","1930.17","3.9962111801242236","2.4701124533255395"
"Groove Fiction","481","1929.19","4.0107900207900208","2.3891212208467380"
"Vanishing Rocky","449","1928.51","4.2951224944320713","2.3741531470748033"
"Jacket Frisco","472","1927.28","4.0832203389830508","2.3530701384814368"
"Core Suit","445","1924.55","4.3248314606741573","2.3293612164036462"
"Neighbors Charade","452","1924.48","4.2576991150442478","2.4669021513070565"
"Cheaper Clyde","486","1922.14","3.9550205761316872","2.3367461515738798"
"Lawless Vision","451","1921.49","4.2605099778270510","2.4095542154353871"
"Whale Bikini","450","1916.50","4.2588888888888889","2.3795643723854492"
"Intrigue Worst","491","1916.09","3.9024236252545825","2.3591914110671379"
"Jekyll Frogmen","443","1915.57","4.3240857787810384","2.4256152388091151"
"Teen Apollo","436","1908.64","4.3776146788990826","2.4566930951647199"
"Earring Instinct","467","1907.33","4.0842184154175589","2.4493734811266351"
"Flying Hook","481","1903.19","3.9567359667359667","2.3845806652095456"
"Bikini Borrowers","442","1902.58","4.3044796380090498","2.4239580506072549"
"Canyon Stock","470","1901.30","4.0453191489361702","2.3538028487998870"
"Mars Roman","456","1900.44","4.1676315789473684","2.2844971274891271"
"Destiny Saturday","448","1898.52","4.2377678571428571","2.4207796217972929"
"Pilot Hoosiers","430","1894.70","4.4062790697674419","2.3986624315230489"
"United Pilot","457","1891.43","4.1387964989059081","2.3169294174837848"
"Straight Hours","464","1891.36","4.0762068965517241","2.2817482801835967"
"Expecations Natural","444","1888.56","4.2535135135135135","2.3727236299654044"
"Attacks Hate","432","1883.68","4.3603703703703704","2.4620464488583121"
"Greek Everyone","457","1882.43","4.1191028446389497","2.3195313596575651"
"Sundance Invasion","457","1881.43","4.1169146608315098","2.4914938403090116"
"Gandhi Kwai","442","1879.58","4.2524434389140271","2.5005562923417674"
"Wonka Sea","442","1874.58","4.2411312217194570","2.4258268498893958"
"Clones Pinocchio","464","1874.36","4.0395689655172414","2.1886512280985390"
"Fiction Christmas","469","1872.31","3.9921321961620469","2.3565683201307995"
"Campus Remember","447","1871.53","4.1868680089485459","2.3103760954161212"
"League Hellfighters","432","1863.68","4.3140740740740741","2.3113107487594409"
"Pollock Deliverance","449","1863.51","4.1503563474387528","2.2212320337445743"
"Flintstones Happiness","437","1861.63","4.2600228832951945","2.4876471418244685"
"Paradise Sabrina","436","1860.64","4.2675229357798165","2.4397757221075433"
"Love Suicides","465","1851.35","3.9813978494623656","2.3625334295198478"
"Independence Hotel","463","1850.37","3.9964794816414687","2.3106852123454877"
"Lady Stage","415","1849.85","4.4574698795180723","2.4638600579091602"
"Jericho Mulan","419","1849.81","4.4148210023866348","2.3961204996294421"
"Musketeers Wait","432","1849.68","4.2816666666666667","2.3306940105397065"
"French Holiday","427","1846.73","4.3248946135831382","2.3800373168739818"
"Barefoot Manchurian","435","1843.65","4.2382758620689655","2.3687608841944665"
"Forrest Sons","430","1842.70","4.2853488372093023","2.4841553360260713"
"Waterfront Deliverance","438","1842.62","4.2068949771689498","2.3358684492680503"
"Ferris Mother","442","1835.58","4.1528959276018100","2.3810816599248635"
"Roots Remember","447","1835.53","4.1063310961968680","2.3099468006792014"
"Poseidon Forever","437","1828.63","4.1845080091533181","2.3481924627790244"
"Freaky Pocus","453","1828.47","4.0363576158940397","2.3593283552225484"
"Uprising Uptown","428","1827.72","4.2703738317757009","2.2072031006162134"
"Sweden Shining","434","1826.66","4.2088940092165899","2.4191143518652683"
"Encino Elf","464","1824.36","3.9318103448275862","2.2821256239570299"
"Orient Closer","426","1821.74","4.2763849765258216","2.2148701902548706"
"Slacker Liaisons","439","1821.61","4.1494533029612756","2.3461025043066536"
"Polish Brooklyn","431","1820.69","4.2243387470997680","2.4214793606978913"
"Patriot Roman","439","1817.61","4.1403416856492027","2.3612537537031171"
"Hope Tootsie","442","1815.58","4.1076470588235294","2.4101273255764302"
"Driver Annie","438","1813.62","4.1406849315068493","2.3228912557604177"
"Jade Bunch","442","1813.58","4.1031221719457014","2.3829440676366314"
"Unforgiven Zoolander","451","1813.49","4.0210421286031042","2.3605298888171305"
"Egypt Tenenbaums","431","1806.69","4.1918561484918794","2.2912161465958227"
"Midnight Westward","441","1806.59","4.0965759637188209","2.3129041807498284"
"Rear Trading","431","1805.69","4.1895359628770302","2.4800787249285452"
"Moulin Wake","441","1803.59","4.0897732426303855","2.4100216791387541"
"Army Flintstones","431","1797.69","4.1709744779582367","2.3712052625240037"
"Hanover Galaxy","417","1793.83","4.3017505995203837","2.3855497582713176"
"Noon Papi","432","1790.68","4.1450925925925926","2.3747554746736698"
"Watch Tracy","427","1786.73","4.1843793911007026","2.3310853577092343"
"Mermaid Insects","412","1784.88","4.3322330097087379","2.3638937247011403"
"Quills Bull","411","1779.89","4.3306326034063260","2.5144614103626084"
"Club Graffiti","451","1774.49","3.9345676274944568","2.3868037161244005"
"Anthem Luke","408","1773.92","4.3478431372549020","2.3415880612422621"
"Mummy Creatures","422","1771.78","4.1985308056872038","2.3522816987470180"
"Nash Chocolat","398","1771.02","4.4497989949748744","2.2783268552258519"
"Rules Human","387","1770.13","4.5739793281653747","2.4903445002933864"
"Rouge Squad","439","1769.61","4.0310022779043280","2.2771757917984264"
"Streak Ridgemont","414","1765.86","4.2653623188405797","2.4279489922741719"
"Potter Connecticut","434","1764.66","4.0660368663594470","2.4871451414740204"
"Worst Banger","408","1763.92","4.3233333333333333","2.4517490455740739"
"Creatures Shakespeare","410","1763.90","4.3021951219512195","2.4020973030410071"
"Heaven Freedom","437","1757.63","4.0220366132723112","2.1954037096164519"
"Zoolander Fiction","419","1751.81","4.1809307875894988","2.4213590715900415"
"Wizard Coldblooded","397","1750.03","4.4081360201511335","2.4497935496684720"
"Breakfast Goldfinger","422","1747.78","4.1416587677725118","2.3646718115619401"
"Voice Peach","439","1741.61","3.9672209567198178","2.2874345111603708"
"Daisy Menagerie","394","1739.06","4.4138578680203046","2.2672666486505232"
"Reap Unfaithful","416","1737.84","4.1775000000000000","2.3125093031398671"
"Command Darling","401","1734.99","4.3266583541147132","2.4039296590138165"
"Divine Resurrection","409","1732.91","4.2369437652811736","2.3157912083885096"
"Instinct Airport","428","1730.72","4.0437383177570093","2.2840472207328987"
"Words Hunter","402","1729.98","4.3034328358208955","2.3361559441159631"
"Boiled Dares","388","1729.12","4.4564948453608247","2.3107013337340097"
"Holiday Games","398","1725.02","4.3342211055276382","2.3062515567866049"
"Betrayed Rear","404","1721.96","4.2622772277227723","2.4515400056660061"
"Chicago North","401","1720.99","4.2917456359102244","2.4941576624458120"
"Coldblooded Darling","406","1720.94","4.2387684729064039","2.3380240598179350"
"Beach Heartbreakers","413","1719.87","4.1643341404358354","2.2862229534613511"
"Grinch Massage","394","1718.06","4.3605583756345178","2.3202936316975234"
"Intentions Empire","418","1716.82","4.1072248803827751","2.3804643466480349"
"Rock Instinct","450","1715.50","3.8122222222222222","2.3755331263211103"
"Casablanca Super","400","1714.00","4.2850000000000000","2.5195924999719274"
"Dude Blindness","414","1713.86","4.1397584541062802","2.3846742184111836"
"Baked Cleopatra","396","1713.04","4.3258585858585859","2.2970818075515561"
"Factory Dragon","415","1710.85","4.1225301204819277","2.3321481686660272"
"Model Fish","390","1707.10","4.3771794871794872","2.3859786960242299"
"Jeepers Wedding","390","1702.10","4.3643589743589744","2.3603318738285026"
"Gaslight Crusade","399","1697.01","4.2531578947368421","2.3951839351178884"
"Caddyshack Jedi","411","1695.89","4.1262530413625304","2.1517830551200331"
"Louisiana Harry","420","1693.80","4.0328571428571429","2.4127884082883884"
"Loser Hustler","390","1691.10","4.3361538461538462","2.5514093241290237"
"Robbery Bright","386","1688.14","4.3734196891191710","2.3867459160034994"
"Wanda Chamber","400","1686.00","4.2150000000000000","2.3372275416513545"
"Joon Northwest","410","1683.90","4.1070731707317073","2.3817053781020831"
"Mask Peach","396","1682.04","4.2475757575757576","2.3218976703796863"
"Hall Cassidy","390","1676.10","4.2976923076923077","2.3894998041059607"
"Modern Dorado","399","1676.01","4.2005263157894737","2.5832648451105688"
"Necklace Outbreak","407","1674.93","4.1153071253071253","2.4466171159062990"
"Paycheck Wait","408","1672.92","4.1002941176470588","2.2648891282809223"
"Sugar Wonka","411","1671.89","4.0678588807785888","2.3444321772436348"
"Pride Alamo","405","1669.95","4.1233333333333333","2.4589300780446912"
"Jaws Harry","383","1667.17","4.3529242819843342","2.2746920422162493"
"Summer Scarface","400","1666.00","4.1650000000000000","2.2972960023265971"
"Taxi Kick","420","1665.80","3.9661904761904762","2.2332281849205200"
"Newton Labyrinth","394","1664.06","4.2235025380710660","2.3705775841956202"
"Idaho Love","410","1661.90","4.0534146341463415","2.3528952250637121"
"Lust Lock","382","1656.18","4.3355497382198953","2.4300547257130983"
"Sons Interview","385","1654.15","4.2964935064935065","2.4503794169611978"
"Pickup Driving","382","1652.18","4.3250785340314136","2.4209876011547079"
"Turn Star","377","1650.23","4.3772679045092838","2.4686001966085685"
"Perfect Groove","398","1649.02","4.1432663316582915","2.3889179246686425"
"Conquerer Nuts","390","1648.10","4.2258974358974359","2.3532604062411150"
"Bonnie Holocaust","395","1645.05","4.1646835443037975","2.4406388213855837"
"Cabin Flash","382","1644.18","4.3041361256544503","2.4139923830691054"
"Mosquito Armageddon","387","1643.13","4.2458139534883721","2.4640390924729355"
"Graduate Lord","402","1639.98","4.0795522388059701","2.2647555066155814"
"Scissorhands Slums","385","1638.15","4.2549350649350649","2.4552753703423893"
"Bull Shawshank","397","1634.03","4.1159445843828715","2.3950406308002336"
"Submarine Bed","378","1632.22","4.3180423280423280","2.3552654208066691"
"Splash Gump","385","1630.15","4.2341558441558442","2.4263580554298557"
"Sagebrush Clueless","386","1627.14","4.2153886010362694","2.2992440269249903"
"Artist Coldblooded","392","1627.08","4.1507142857142857","2.3768249147111816"
"Sierra Divide","398","1627.02","4.0879899497487437","2.3418105290682484"
"Willow Tracy","404","1626.96","4.0271287128712871","2.2862427428367105"
"Entrapment Satisfaction","378","1620.22","4.2862962962962963","2.3060379831824422"
"Pluto Oleander","388","1618.12","4.1704123711340206","2.3785057813659530"
"Madre Gables","389","1617.11","4.1570951156812339","2.2828241560680114"
"Valley Packer","364","1613.36","4.4323076923076923","2.3993276500474593"
"West Lion","374","1605.26","4.2921390374331551","2.3822727161871471"
"Manchurian Curtain","386","1604.14","4.1558031088082902","2.2754412165477570"
"Wasteland Divine","392","1602.08","4.0869387755102041","2.3451077260717387"
"Holes Brannigan","373","1600.27","4.2902680965147453","2.3760737092979809"
"Cyclone Family","391","1598.09","4.0871867007672634","2.4252874560638427"
"Gold River","356","1594.44","4.4787640449438202","2.4012175644984161"
"Uncut Suicides","358","1594.42","4.4536871508379888","2.3686255354237249"
"Paris Weekend","379","1594.21","4.2063588390501319","2.3650109204742945"
"Peach Innocent","388","1594.12","4.1085567010309278","2.4178420513770490"
"Varsity Trip","387","1592.13","4.1140310077519380","2.2898552523590297"
"Silence Kane","399","1590.01","3.9849874686716792","2.3966003847878320"
"Comforts Rush","394","1589.06","4.0331472081218274","2.2862498029482113"
"Devil Desire","363","1587.37","4.3729201101928375","2.3946153364626410"
"Indian Love","381","1583.19","4.1553543307086614","2.4195165225860149"
"Motions Details","392","1580.08","4.0308163265306122","2.2644520454012757"
"State Wasteland","366","1577.34","4.3096721311475410","2.4570382887699315"
"Deep Crusade","357","1576.43","4.4157703081232493","2.3885983344365832"
"Charade Duffel","380","1570.20","4.1321052631578947","2.3462126421058904"
"Outlaw Hanky","356","1566.44","4.4001123595505618","2.4541563453907045"
"Sweet Brotherhood","355","1565.45","4.4097183098591549","2.2789022358698283"
"Spirit Flintstones","379","1559.21","4.1140105540897098","2.5640842006939056"
"Human Graffiti","375","1557.25","4.1526666666666667","2.3349686146440061"
"Madison Trap","371","1556.29","4.1948517520215633","2.5129025248872587"
"Steers Armageddon","378","1553.22","4.1090476190476190","2.2925800375331812"
"Purple Movie","358","1549.42","4.3279888268156425","2.3622280656296673"
"Vietnam Smoochy","403","1546.97","3.8386352357320099","2.2841696997732721"
"Lock Rear","403","1544.97","3.8336724565756824","2.2309848598068150"
"Siege Madre","364","1543.36","4.2400000000000000","2.4663745266656328"
"Hysterical Grail","367","1541.33","4.1998092643051771","2.3866916344714528"
"Image Princess","343","1540.57","4.4914577259475219","2.4670634289350904"
"Virtual Spoilers","343","1540.57","4.4914577259475219","2.5727708634088151"
"Analyze Hoosiers","357","1540.43","4.3149299719887955","2.3751452488105798"
"Labyrinth League","382","1539.18","4.0292670157068063","2.1978341729700765"
"Translation Summer","370","1537.30","4.1548648648648649","2.2420852924573980"
"Tomatoes Hellfighters","359","1535.41","4.2769080779944290","2.3573541578653291"
"Rocky War","360","1533.40","4.2594444444444444","2.4133241380373408"
"Circus Youth","380","1533.20","4.0347368421052632","2.3651158013476204"
"Searchers Wait","358","1532.42","4.2805027932960894","2.3261921792091952"
"Slipper Fidelity","376","1532.24","4.0751063829787234","2.3032015953130291"
"Homeward Cider","397","1532.03","3.8590176322418136","2.3947908097400891"
"Lucky Flying","340","1531.60","4.5047058823529412","2.3592699677010830"
"Ship Wonderland","373","1530.27","4.1026005361930295","2.2808640467325384"
"Mile Mulan","357","1527.43","4.2785154061624650","2.4155877882668188"
"Dirty Ace","358","1526.42","4.2637430167597765","2.3899727412844588"
"Edge Kissing","363","1526.37","4.2048760330578512","2.3580591029930800"
"Greedy Roots","367","1525.33","4.1562125340599455","2.4083082715180256"
"Dances None","378","1521.22","4.0243915343915344","2.3614461412711554"
"Wrath Mile","372","1513.28","4.0679569892473118","2.3590049111122739"
"Craft Outfield","400","1512.00","3.7800000000000000","2.2855107522162832"
"Date Speed","365","1510.35","4.1379452054794521","2.4651032337476798"
"Panther Reds","366","1506.34","4.1156830601092896","2.2852347855967218"
"Tootsie Pilot","374","1503.26","4.0194117647058824","2.3423120899039082"
"Massage Image","332","1502.68","4.5261445783132530","2.3683246242569356"
"Monster Spartacus","351","1497.49","4.2663532763532764","2.3531583227615799"
"Shrunk Divine","360","1492.40","4.1455555555555556","2.3539270151064919"
"Shanghai Tycoon","368","1491.32","4.0525000000000000","2.4312246160145274"
"Identity Lover","347","1490.53","4.2954755043227666","2.5588674995354047"
"Town Ark","358","1490.42","4.1631843575418994","2.2943497579609497"
"Lonely Elephant","352","1485.48","4.2201136363636364","2.3584489539804478"
"Nemo Campus","344","1483.56","4.3126744186046512","2.3205655158846045"
"Troopers Metal","359","1483.41","4.1320612813370474","2.4229782649070052"
"Odds Boogie","380","1480.20","3.8952631578947368","2.1207043645462007"
"Illusion Amelie","361","1479.39","4.0980332409972299","2.4074117634696327"
"Airplane Sierra","345","1477.55","4.2827536231884058","2.3829773516145837"
"Confessions Maguire","356","1475.44","4.1444943820224719","2.3210142325229251"
"Werewolf Lola","344","1474.56","4.2865116279069767","2.3817551249200780"
"Stampede Disturbing","362","1474.38","4.0728729281767956","2.3428525195595135"
"Bilko Anonymous","340","1471.60","4.3282352941176471","2.4058084463972917"
"Day Unfaithful","324","1468.76","4.5332098765432099","2.6005447522484676"
"Impossible Prejudice","363","1465.37","4.0368319559228650","2.3186749983398437"
"Games Bowfinger","347","1463.53","4.2176657060518732","2.3128783766195746"
"Worker Tarzan","354","1460.46","4.1255932203389831","2.2951429966644871"
"Champion Flatliners","333","1455.67","4.3713813813813814","2.2631707982256795"
"Chisum Behavior","341","1452.59","4.2597947214076246","2.3118485636533748"
"Raging Airplane","343","1452.57","4.2348979591836735","2.2757999502447122"
"Exorcist Sting","335","1444.65","4.3123880597014925","2.4244155351923795"
"Rings Heartbreakers","355","1444.45","4.0688732394366197","2.3956597697657194"
"Donnie Alley","344","1443.56","4.1963953488372093","2.4245740993750279"
"Hook Chariots","337","1441.63","4.2778338278931751","2.4170773370450996"
"Opposite Necklace","352","1440.48","4.0922727272727273","2.4635913965758545"
"Glass Dying","341","1435.59","4.2099413489736070","2.2467655175090227"
"Chamber Italian","345","1434.55","4.1581159420289855","2.1647610342380930"
"Connecticut Tramp","335","1433.65","4.2795522388059701","2.3246359787373554"
"Hunting Musketeers","350","1433.50","4.0957142857142857","2.3216241298026403"
"Saturn Name","347","1431.53","4.1254466858789625","2.2962111326685549"
"Stock Glass","331","1430.69","4.3223262839879154","2.4565583887745420"
"War Notting","329","1428.71","4.3425835866261398","2.3742396112353631"
"Moonwalker Fool","337","1427.63","4.2362908011869436","2.4595282790932040"
"Daddy Pittsburgh","327","1426.73","4.3630886850152905","2.4821344345152919"
"Dangerous Uptown","336","1423.64","4.2370238095238095","2.2674446290262682"
"Panky Submarine","351","1422.49","4.0526780626780627","2.3105356723502654"
"Personal Ladybugs","347","1420.53","4.0937463976945245","2.3814463046589944"
"Silverado Goldfinger","316","1419.84","4.4931645569620253","2.5014261554022096"
"Alley Evolution","337","1417.63","4.2066172106824926","2.3862122203974942"
"Notorious Reunion","349","1413.51","4.0501719197707736","2.3154505964523479"
"Creepers Kane","335","1412.65","4.2168656716417910","2.4705925547775431"
"Elephant Trojan","341","1412.59","4.1424926686217009","2.3825779298603976"
"Memento Zoolander","337","1409.63","4.1828783382789318","2.4461235781454573"
"Arabia Dogma","348","1408.52","4.0474712643678161","2.2818988090983331"
"Super Wyoming","327","1407.73","4.3049847094801223","2.3862058693008297"
"Shane Darkness","338","1405.62","4.1586390532544379","2.3663992943019341"
"Past Suicides","305","1404.95","4.6063934426229508","2.4948091061787972"
"Blindness Gun","336","1403.64","4.1775000000000000","2.2849721249810245"
"Everyone Craft","334","1402.66","4.1995808383233533","2.4490786042840801"
"Forever Candidate","342","1399.58","4.0923391812865497","2.2455025945685279"
"Tycoon Gathering","314","1390.86","4.4294904458598726","2.4878942161793861"
"Bedazzled Married","337","1386.63","4.1146290801186944","2.4291421292367358"
"Kane Exorcist","350","1385.50","3.9585714285714286","2.3322669258701891"
"Mother Oleander","331","1382.69","4.1773111782477341","2.3227378744011771"
"Crow Grease","331","1381.69","4.1742900302114804","2.3454140347528096"
"African Egg","311","1380.89","4.4401607717041801","2.3968914626545982"
"Lovely Jingle","330","1380.70","4.1839393939393939","2.2862000957428699"
"Flash Wars","331","1378.69","4.1652265861027190","2.2508159180590506"
"Natural Stock","320","1374.80","4.2962500000000000","2.2451532611704263"
"Shrek License","330","1370.70","4.1536363636363636","2.2005550808192145"
"Anonymous Human","318","1365.82","4.2950314465408805","2.4439534280811176"
"Behavior Runaway","323","1363.77","4.2221981424148607","2.5055623458002778"
"Hollywood Anonymous","331","1363.69","4.1199093655589124","2.4317432936693708"
"Bird Independence","314","1356.86","4.3212101910828025","2.4321818260384614"
"Cincinatti Whisperer","320","1354.80","4.2337500000000000","2.3957562401843901"
"Hamlet Wisdom","328","1352.72","4.1241463414634146","2.2666156863593313"
"Sassy Packer","314","1349.86","4.2989171974522293","2.4501646497762568"
"Drums Dynamite","332","1344.68","4.0502409638554217","2.3824605706630326"
"Liberty Magnificent","318","1342.82","4.2227044025157233","2.4045041030838600"
"Spiking Element","320","1341.80","4.1931250000000000","2.3217906524611127"
"Microcosmos Paradise","323","1338.77","4.1447987616099071","2.2251108297608365"
"Darkness War","324","1338.76","4.1319753086419753","2.4250174017456564"
"Speakeasy Date","316","1336.84","4.2305063291139241","2.3201270620564727"
"Breaking Home","328","1334.72","4.0692682926829268","2.1925220591334261"
"Pittsburgh Hunchback","289","1328.11","4.5955363321799308","2.4769991518275810"
"Party Knock","315","1327.85","4.2153968253968254","2.2396235077971895"
"Pajama Jawbreaker","330","1322.70","4.0081818181818182","2.3454611856793962"
"California Birds","302","1316.98","4.3608609271523179","2.4321104791081843"
"Saddle Antitrust","321","1316.79","4.1021495327102804","2.3115219667072371"
"Mob Duffel","298","1314.02","4.4094630872483221","2.3301328079474923"
"Tuxedo Mile","306","1310.94","4.2841176470588235","2.5808433059216027"
"Bugsy Song","296","1310.04","4.4258108108108108","2.3511846313860128"
"Hunger Roof","332","1306.68","3.9357831325301205","2.3800683533721657"
"Lord Arizona","286","1303.14","4.5564335664335664","2.3079709036429215"
"Usual Untouchables","312","1301.88","4.1726923076923077","2.2082762613631755"
"Sorority Queen","321","1301.79","4.0554205607476636","2.3714093701216866"
"Reef Salute","296","1296.04","4.3785135135135135","2.4635106174986602"
"Bright Encounters","308","1295.92","4.2075324675324675","2.4709552707571400"
"Citizen Shrek","327","1291.73","3.9502446483180428","2.2459801721806525"
"Stranger Strangers","297","1284.03","4.3233333333333333","2.4672724024939176"
"Adaptation Holes","298","1283.02","4.3054362416107383","2.2935050978727557"
"Santa Paris","306","1281.94","4.1893464052287582","2.2764368687303639"
"Jingle Sagebrush","317","1276.83","4.0278548895899054","2.2286580946674987"
"Gathering Calendar","306","1275.94","4.1697385620915033","2.3448265894741152"
"Monterey Labyrinth","309","1275.91","4.1291585760517799","2.3911472150398375"
"Window Side","298","1274.02","4.2752348993288591","2.3944063838806704"
"Alabama Devil","304","1272.96","4.1873684210526316","2.3503377292158922"
"Loverboy Attacks","310","1270.90","4.0996774193548387","2.3511144281342457"
"Home Pity","311","1263.89","4.0639549839228296","2.2656616461292735"
"Born Spinal","294","1251.06","4.2553061224489796","2.2666194117774485"
"Reservoir Adaptation","287","1250.13","4.3558536585365854","2.3671597612228568"
"October Submarine","291","1248.09","4.2889690721649485","2.4431393672907176"
"Lawrence Love","314","1240.86","3.9517834394904459","2.3669323383159409"
"Minority Kiss","295","1236.05","4.1900000000000000","2.4011619919456967"
"Lost Bird","284","1230.16","4.3315492957746479","2.4262039147037670"
"Mighty Luck","299","1229.01","4.1104013377926421","2.2296551873540556"
"Blanket Beverly","300","1227.00","4.0900000000000000","2.3125367212125566"
"Darko Dorado","283","1225.17","4.3292226148409894","2.5372645605586535"
"Stone Fire","282","1224.18","4.3410638297872340","2.5283057222362872"
"Valentine Vanishing","295","1223.05","4.1459322033898305","2.2518526904763715"
"Birch Antitrust","290","1221.10","4.2106896551724138","2.3849846481403046"
"Spinal Rocky","321","1217.79","3.7937383177570093","2.1955323343800727"
"Autumn Crow","270","1216.30","4.5048148148148148","2.4610882085045080"
"Lover Truman","283","1216.17","4.2974204946996466","2.6362282433290930"
"Side Ark","287","1216.13","4.2373867595818815","2.3093877583518704"
"Language Cowboy","291","1214.09","4.1721305841924399","2.3498694600851112"
"Evolution Alter","292","1213.08","4.1543835616438356","2.2885563127668056"
"Gunfighter Mussolini","282","1211.18","4.2949645390070922","2.3361717396875075"
"Ties Hunger","273","1209.27","4.4295604395604396","2.4623137039509227"
"Express Lonely","283","1208.17","4.2691519434628975","2.3390208265823385"
"Brannigan Sunrise","299","1207.01","4.0368227424749164","2.3339804419432614"
"Flight Lies","293","1206.07","4.1162798634812287","2.3743837304636318"
"Ending Crowds","282","1205.18","4.2736879432624113","2.2944346752057471"
"Bowfinger Gables","269","1203.31","4.4732713754646840","2.4258978343999228"
"Wyoming Storm","288","1200.12","4.1670833333333333","2.3624892013469260"
"Vampire Whale","291","1200.09","4.1240206185567010","2.3618908233960296"
"Tenenbaums Command","298","1197.02","4.0168456375838926","2.3852699166800003"
"Drumline Cyclone","277","1196.23","4.3185198555956679","2.3522304348481817"
"Mulan Moon","298","1194.02","4.0067785234899329","2.3476588434138151"
"Hollow Jeopardy","271","1191.29","4.3959040590405904","2.3737379130076955"
"Uptown Young","293","1182.07","4.0343686006825939","2.2287222275954062"
"Finding Anaconda","293","1181.07","4.0309556313993174","2.4209620614167431"
"Hedwig Alter","287","1180.13","4.1119512195121951","2.3893204313122737"
"Beast Hunchback","281","1174.19","4.1786120996441281","2.3152628350631175"
"Frida Slipper","268","1172.32","4.3743283582089552","2.3104504312250147"
"Opus Ice","279","1171.21","4.1978853046594982","2.2343483207531307"
"Iron Moon","265","1167.35","4.4050943396226415","2.4107866994003674"
"Feathers Metal","292","1167.08","3.9968493150684932","2.4395273761817929"
"Maker Gables","282","1165.18","4.1318439716312057","2.2872125112577364"
"Fiddler Lost","266","1158.34","4.3546616541353383","2.4009650729064134"
"Meet Chocolate","274","1154.26","4.2126277372262774","2.3792599797813185"
"Smoochy Control","290","1154.10","3.9796551724137931","2.3225753555195102"
"Dragon Squad","277","1142.23","4.1235740072202166","2.3865094589342815"
"Gone Trouble","280","1141.20","4.0757142857142857","2.2464171849794094"
"Antitrust Tomatoes","260","1135.40","4.3669230769230769","2.4815782579702479"
"Spirited Casualties","269","1132.31","4.2093308550185874","2.3164398503792436"
"Rider Caddyshack","265","1130.35","4.2654716981132075","2.4143280999866947"
"Element Freddy","274","1130.26","4.1250364963503650","2.3125740456495345"
"Snatchers Montezuma","257","1116.43","4.3440856031128405","2.2558761897029018"
"Potluck Mixed","274","1112.26","4.0593430656934307","2.3420997136518340"
"Mod Secretary","274","1108.26","4.0447445255474453","2.2679312612061242"
"Madigan Dorado","257","1107.43","4.3090661478599222","2.3699259744797133"
"Thin Sagebrush","257","1107.43","4.3090661478599222","2.2773998124535838"
"Wagon Jaws","259","1104.41","4.2641312741312741","2.4076240978719657"
"Run Pacific","267","1102.33","4.1285767790262172","2.3313432018306351"
"Savannah Town","282","1101.18","3.9048936170212766","2.2995879615515579"
"Fugitive Maguire","260","1098.40","4.2246153846153846","2.3138732687875332"
"Elizabeth Shane","242","1096.58","4.5313223140495868","2.6182306724558884"
"Song Hedwig","265","1094.35","4.1296226415094340","2.2662159441558137"
"Smile Earring","263","1086.37","4.1306844106463878","2.3683626231063175"
"Spoilers Hellfighters","249","1080.51","4.3393975903614458","2.4598406793728321"
"Lambs Cincinatti","251","1074.49","4.2808366533864542","2.2958823352278216"
"Oleander Clue","262","1070.38","4.0854198473282443","2.3703910340849829"
"Halloween Nuts","250","1069.50","4.2780000000000000","2.2719381178291322"
"Trainspotting Strangers","249","1068.51","4.2912048192771084","2.3915253926830149"
"Legend Jedi","235","1060.65","4.5134042553191489","2.4041465929000159"
"Right Cranes","241","1058.59","4.3924896265560166","2.4679602797857741"
"Jeopardy Encino","244","1058.56","4.3383606557377049","2.4202415825598550"
"Temple Attraction","266","1057.34","3.9749624060150376","2.1735457941658547"
"Miracle Virtual","250","1056.50","4.2260000000000000","2.2928875535737319"
"Stage World","259","1055.41","4.0749420849420849","2.3111888901126477"
"Blood Argonauts","247","1054.53","4.2693522267206478","2.4023402346616705"
"Theory Mermaid","257","1047.43","4.0756031128404669","2.3352236003732646"
"Sensibility Rear","237","1045.63","4.4119409282700422","2.3341658285434248"
"Cranes Reservoir","252","1044.48","4.1447619047619048","2.2958166404725054"
"Ali Forever","239","1037.61","4.3414644351464435","2.5192344003815844"
"Lolita World","251","1037.49","4.1334262948207171","2.4189556865610037"
"Doubtfire Labyrinth","260","1036.40","3.9861538461538462","2.2291471730455841"
"Soldiers Evolution","233","1032.67","4.4320600858369099","2.5132989475632234"
"Twisted Pirates","251","1032.49","4.1135059760956175","2.2777985114939696"
"Random Go","250","1030.50","4.1220000000000000","2.3801758228734206"
"Guys Falcon","243","1028.57","4.2327983539094650","2.4074224901225153"
"North Tequila","238","1027.62","4.3177310924369748","2.1839817455593246"
"Amelie Hellfighters","246","1025.54","4.1688617886178862","2.2858304267822052"
"Life Twisted","248","1025.52","4.1351612903225806","2.3141653155043502"
"Darling Breaking","240","1021.60","4.2566666666666667","2.2639001904952452"
"Prix Undefeated","247","1021.53","4.1357489878542510","2.2977127514022044"
"Intolerable Intentions","231","1020.69","4.4185714285714286","2.3943515311370603"
"Desire Alien","232","1015.68","4.3779310344827586","2.5643967645015344"
"Clockwork Paradise","260","1013.40","3.8976923076923077","2.1505001801095076"
"Gilbert Pelican","242","1010.58","4.1759504132231405","2.4584786236124089"
"Beethoven Exorcist","241","1008.59","4.1850207468879668","2.4965259402620087"
"Magnolia Forrester","228","1007.72","4.4198245614035088","2.4365764537359971"
"Notting Speakeasy","245","1007.55","4.1124489795918367","2.3489852453425648"
"Frogmen Breaking","238","1006.62","4.2294957983193277","2.6949154652718097"
"Wonderful Drop","248","1006.52","4.0585483870967742","2.1463033632746014"
"Wars Pluto","252","1002.48","3.9780952380952381","2.3268093552661607"
"Caribbean Liberty","220","997.80","4.5354545454545455","2.6726637940293421"
"Maguire Apache","221","993.79","4.4967873303167421","2.2696013056006564"
"Drop Waterfront","232","993.68","4.2831034482758621","2.3000743122921007"
"Monsoon Cause","232","991.68","4.2744827586206897","2.4488040529500800"
"Daughter Madigan","224","990.76","4.4230357142857143","2.3797687415572046"
"Saints Bride","215","986.85","4.5900000000000000","2.4605295380215689"
"Superfly Trip","241","985.59","4.0895850622406639","2.5113160216194616"
"Dolls Rage","227","982.73","4.3292070484581498","2.3861707551787767"
"Holy Tadpole","242","982.58","4.0602479338842975","2.4030461176739644"
"World Leathernecks","215","978.85","4.5527906976744186","2.3983077421551403"
"Crazy Home","249","978.51","3.9297590361445783","2.3657643734604152"
"Mystic Truman","253","977.47","3.8635177865612648","2.4591524617313839"
"Paths Control","239","975.61","4.0820502092050209","2.3851562105507781"
"Casualties Encino","220","974.80","4.4309090909090909","2.4045541059245900"
"Spartacus Cheaper","219","972.81","4.4420547945205479","2.3483808352655460"
"Ballroom Mockingbird","224","972.76","4.3426785714285714","2.2442136786041173"
"Ghostbusters Elf","229","972.71","4.2476419213973799","2.5024541696537311"
"Towers Hurricane","235","972.65","4.1389361702127660","2.2980735466522556"
"Birdcage Casper","241","964.59","4.0024481327800830","2.3935352650435121"
"Maude Mod","225","960.75","4.2700000000000000","2.3042662296581220"
"Soup Wisdom","213","954.87","4.4829577464788732","2.4868329072504202"
"King Evolution","235","954.65","4.0623404255319149","2.3349538445684050"
"Luck Opus","237","954.63","4.0279746835443038","2.3167209328514933"
"Diary Panic","221","953.79","4.3157918552036199","2.3321303043523995"
"Matrix Snowman","219","950.81","4.3415981735159817","2.2985906538046561"
"Wisdom Worker","228","950.72","4.1698245614035088","2.5200755119293148"
"Hotel Happiness","229","948.71","4.1428384279475983","2.3559285566695037"
"Clue Grail","208","947.92","4.5573076923076923","2.3785044750259185"
"Gosford Donnie","207","941.93","4.5503864734299517","2.5188562370879992"
"Rollercoaster Bringing","221","938.79","4.2479185520361991","2.3279903960809560"
"Dares Pluto","232","938.68","4.0460344827586207","2.3133264889965787"
"Jawbreaker Brooklyn","245","935.55","3.8185714285714286","2.2532308315678332"
"Nuts Ties","211","933.89","4.4260189573459716","2.3400104353900103"
"Frisco Forrest","219","929.81","4.2457077625570776","2.3341111949024245"
"Records Zorro","217","927.83","4.2757142857142857","2.3865806493322608"
"Won Dares","236","925.64","3.9222033898305085","2.3905089409484369"
"Grail Frankenstein","220","922.80","4.1945454545454545","2.3542397919337890"
"Vanilla Day","217","918.83","4.2342396313364055","2.3431299298666518"
"Anything Savannah","217","915.83","4.2204147465437788","2.3377728229307022"
"Sunset Racer","219","915.81","4.1817808219178082","2.3421402874406418"
"Baby Hall","209","913.91","4.3727751196172249","2.4820296347625523"
"Platoon Instinct","218","910.82","4.1780733944954128","2.3330220022089782"
"Tarzan Videotape","200","901.00","4.5050000000000000","2.4840749064195946"
"Dwarfs Alter","218","900.82","4.1322018348623853","2.3541234958534645"
"Magnificent Chitty","207","898.93","4.3426570048309179","2.3309400981163200"
"Legally Secretary","203","896.97","4.4185714285714286","2.3268921670334048"
"Pet Haunting","211","884.89","4.1937914691943128","2.1911044908084974"
"Reds Pocus","206","881.94","4.2812621359223301","2.5089541809624731"
"Destination Jerk","213","880.87","4.1355399061032864","2.3415128383634257"
"Zhivago Core","211","878.89","4.1653554502369668","2.4205784908150250"
"Jumanji Blade","206","876.94","4.2569902912621359","2.5301263190104132"
"Beneath Rush","220","876.80","3.9854545454545455","2.4595686358865407"
"Impact Aladdin","214","875.86","4.0928037383177570","2.4338558038586776"
"Mulholland Beast","199","874.01","4.3920100502512563","2.3866624301425700"
"Runaway Tenenbaums","211","863.89","4.0942654028436019","2.4296836567921864"
"Lights Deer","215","860.85","4.0039534883720930","2.3786416640702438"
"Kramer Chocolate","203","855.97","4.2166009852216749","2.0937631981907683"
"Speed Suit","196","852.04","4.3471428571428571","2.3740045147171553"
"Runner Madigan","207","844.93","4.0817874396135266","2.2867877570646753"
"Newsies Story","188","842.12","4.4793617021276596","2.5215421851451556"
"Panic Club","185","841.15","4.5467567567567568","2.5126355187917272"
"Jungle Closer","218","840.82","3.8569724770642202","2.2279562268024372"
"Godfather Diary","201","838.99","4.1740796019900498","2.4598669219353800"
"Crusade Honey","203","836.97","4.1230049261083744","2.4224699642510298"
"Montezuma Command","212","832.88","3.9286792452830189","2.3728350373842448"
"Vertigo Northwest","192","830.08","4.3233333333333333","2.2934765976599721"
"Shining Roses","201","827.99","4.1193532338308458","2.5927562707670750"
"Clerks Angels","180","824.20","4.5788888888888889","2.4373925735132929"
"Bulworth Commandments","187","823.13","4.4017647058823529","2.3225103650903109"
"Chitty Lock","201","821.99","4.0895024875621891","2.4145495959378803"
"Grosse Wonderful","195","820.05","4.2053846153846154","2.3252910760637876"
"Eve Resurrection","192","813.08","4.2347916666666667","2.3417170409392933"
"Casper Dragonfly","180","808.20","4.4900000000000000","2.4935671426637116"
"Heavenly Gun","189","807.11","4.2704232804232804","2.3133948138096796"
"Punk Divorce","194","807.06","4.1601030927835052","2.2341979330006959"
"Untouchables Sunrise","195","807.05","4.1387179487179487","2.2892478162852760"
"Victory Academy","200","807.00","4.0350000000000000","2.3645146749896068"
"Ishtar Rocketeer","187","799.13","4.2734224598930481","2.4339211356906489"
"Papi Necklace","205","798.95","3.8973170731707317","2.3107156861684904"
"Chaplin License","188","798.12","4.2453191489361702","2.3328219362757470"
"Control Anthem","178","796.22","4.4731460674157303","2.3845660020414180"
"Luke Mummy","171","788.29","4.6098830409356725","2.5693812457944247"
"Park Citizen","193","785.07","4.0677202072538860","2.3516773677827542"
"Hawk Chill","187","778.13","4.1611229946524064","2.2391003187617914"
"Clyde Theory","189","772.11","4.0852380952380952","2.4192113563362214"
"Ace Goldfinger","182","771.18","4.2372527472527473","2.4784971680453834"
"Lesson Cleopatra","173","770.27","4.4524277456647399","2.3140191808751846"
"President Bang","184","768.16","4.1747826086956522","2.2345002146595055"
"Frontier Cabin","169","764.31","4.5225443786982249","2.4495760152052453"
"Vision Torque","178","764.22","4.2933707865168539","2.3547741834326619"
"Rebel Airport","194","762.06","3.9281443298969072","2.4017024747017289"
"Graceland Dynamite","168","759.32","4.5197619047619048","2.5215848909233409"
"Bang Kwai","184","758.16","4.1204347826086957","2.3986216046473080"
"Cowboy Doom","182","754.18","4.1438461538461538","2.2565953767639956"
"Young Language","173","753.27","4.3541618497109827","2.4448067925139074"
"License Weekend","177","753.23","4.2555367231638418","2.4291316419978375"
"Leathernecks Dwarfs","172","751.28","4.3679069767441860","2.1554175543038831"
"Vanished Garden","177","748.23","4.2272881355932203","2.2986088904550271"
"Unfaithful Kill","177","747.23","4.2216384180790960","2.2857051140765436"
"School Jacket","171","741.29","4.3350292397660819","2.3195375741650611"
"Terminator Club","159","722.41","4.5434591194968553","2.4742926332005704"
"Hoosiers Birdcage","182","719.18","3.9515384615384615","2.3014897520134723"
"Phantom Glory","169","711.31","4.2089349112426036","2.3763963417576599"
"Menagerie Rushmore","179","711.21","3.9732402234636872","2.3806687766236951"
"Fire Wolves","171","707.29","4.1361988304093567","2.3903544276206578"
"Divorce Shining","171","707.29","4.1361988304093567","2.1328592094399343"
"Ladybugs Armageddon","171","706.29","4.1303508771929825","2.3321683661188994"
"Connection Microcosmos","169","704.31","4.1675147928994083","2.3838176616773997"
"Tequila Past","164","702.36","4.2826829268292683","2.2727395154268762"
"Squad Fish","165","698.35","4.2324242424242424","2.4521558835966163"
"Apocalypse Flamingos","162","689.38","4.2554320987654321","2.1720792050476743"
"Stallion Sundance","165","689.35","4.1778787878787879","2.4133467269007212"
"Magic Mallrats","164","688.36","4.1973170731707317","2.5270939437797546"
"Full Flatliners","151","684.49","4.5330463576158940","2.4542075417202687"
"Pizza Jumanji","153","682.47","4.4605882352941176","2.3256544736160088"
"Early Home","164","681.36","4.1546341463414634","2.4825215733730205"
"Elf Murder","175","679.25","3.8814285714285714","2.2062309135733204"
"Harold French","165","675.35","4.0930303030303030","2.5002057047669693"
"Doctor Grail","165","668.35","4.0506060606060606","2.2918119620674032"
"Sling Luke","175","665.25","3.8014285714285714","2.4220931657920764"
"Dumbo Lust","155","664.45","4.2867741935483871","2.3663610990881663"
"Sense Greek","158","661.42","4.1862025316455696","2.3874909164051529"
"Dozen Lion","167","661.33","3.9600598802395210","2.1632894121522682"
"Treatment Jekyll","158","660.42","4.1798734177215190","2.4209594316844985"
"Happiness United","140","659.60","4.7114285714285714","2.1823621192005889"
"Cruelty Unforgiven","153","652.47","4.2645098039215686","2.4979868055086592"
"Extraordinary Conquerer","148","651.52","4.4021621621621622","2.3959405976931492"
"Comancheros Enemy","153","649.47","4.2449019607843137","2.5249528702342198"
"Youth Kick","149","639.51","4.2920134228187919","2.3182725919592418"
"Wild Apollo","154","635.46","4.1263636363636364","2.3488786973528867"
"Desperate Trainspotting","159","633.41","3.9837106918238994","2.0422649853046536"
"Haunted Antitrust","153","627.47","4.1011111111111111","2.4211666814606558"
"Bubble Grosse","160","627.40","3.9212500000000000","2.2712916420553395"
"Bed Highball","159","623.41","3.9208176100628931","2.3894271249633682"
"Rushmore Mermaid","151","612.49","4.0562251655629139","2.3485282602009439"
"Duffel Apocalypse","159","610.41","3.8390566037735849","2.3142617250904817"
"Warlock Werewolf","149","605.51","4.0638255033557047","2.3194068432425389"
"Japanese Run","144","595.56","4.1358333333333333","2.5391170482306216"
"Hunter Alter","135","593.65","4.3974074074074074","2.2102079874314804"
"Oklahoma Jumanji","151","589.49","3.9039072847682119","2.2974783201037128"
"Italian African","136","583.64","4.2914705882352941","2.3168300595974807"
"Jersey Sassy","147","581.53","3.9559863945578231","2.2857958237250390"
"Simon North","146","577.54","3.9557534246575342","2.2816037419615656"
"Duck Racer","145","569.55","3.9279310344827586","2.2919566169759010"
"Cassidy Wyoming","131","560.69","4.2800763358778626","2.2650812504303430"
"Freedom Cleopatra","129","553.71","4.2923255813953488","2.3571853288230446"
"Watership Frontier","147","550.53","3.7451020408163265","2.1440961845076970"
"Private Drop","136","543.64","3.9973529411764706","2.1651667407501309"
"Glory Tracy","125","534.75","4.2780000000000000","2.5202918417798236"
"Conspiracy Spirit","121","527.79","4.3619008264462810","2.2844847391514740"
"Killer Innocent","126","527.74","4.1884126984126984","2.4133622729125150"
"Mussolini Spoilers","124","526.76","4.2480645161290323","2.3227089165995345"
"Texas Watch","125","526.75","4.2140000000000000","2.4947169986244545"
"Braveheart Human","120","524.80","4.3733333333333333","2.6127783381407813"
"Seven Swarm","122","507.78","4.1621311475409836","2.3552744499790873"
"Traffic Hobbit","123","500.77","4.0713008130081301","2.1139408305341315"
"Informer Double","121","492.79","4.0726446280991736","2.2307949885616418"
"Train Bunch","103","476.97","4.6307766990291262","2.2572513605156562"
"Bunch Minds","115","476.85","4.1465217391304348","2.3530171163767299"
"Fever Empire","112","471.88","4.2132142857142857","2.4225287265882795"
"Mannequin Worst","114","441.86","3.8759649122807018","2.4341187350778663"
"Hardly Robbers","108","424.92","3.9344444444444444","2.3435468499704098"
"Mixed Doors","98","410.02","4.1838775510204082","2.3404033631785453"
